{
  "linear_rows": 36,
  "linear_top_hit": {
    "-log10_p": 17.725839734512714,
    "beta": 0.8443297267863834,
    "marker_id": "rsToy002",
    "n": 64,
    "p_value": 1.880010459522755e-18,
    "se": 0.06804971053774932,
    "t_stat": 12.40754325204671,
    "trait": "trait_0"
  },
  "multi_rows": 12,
  "multi_top_hit": {
    "-log10_p": 32.7217113089173,
    "chi2": 155.29555326819616,
    "df": 3,
    "marker_id": "rsToy002",
    "n_traits": 3,
    "p_value": 1.8979671486528213e-33
  }
}
