trait_index	n_markers	pearson_r	mae_log10p	max_abs_diff_log10p	source_file
0	658148	0.9999999091874736	0.00011316719396491749	0.013005370568054175	plink2.QT0.glm.linear
17	658148	0.9999998826222264	0.00011570008644813555	0.045098838823221854	plink2.QT17.glm.linear
